ID,User Story,验收标准,优先级,Story Point,建议 Sprint,需求来源
US01,上传简历并生成个人求职画像,上传PDF/DOCX；提取教育/技能/项目/实习；生成结构化画像；可查看；失败有提示,P0,5,Sprint 1,U02、U05
US02,查看并修改个人求职画像,可修改技能/项目/方向；保存；后续分析用最新画像,P0,3,Sprint 1,U01、U02、U05
US03,输入/上传 JD 并结构化解析,可粘贴JD；提取岗位名称/职责/技能/学历等；结构化展示；不伪造未知信息,P0,5,Sprint 1,U01、U02、U04、U05
US04,检查岗位硬性条件匹配情况,逐项显示满足/不满足/无法判断；有依据；无法判断明确标注,P0,3,Sprint 1,U01、U02
US05,分析技能匹配程度,提取核心技能；分类已具备/部分具备/暂缺/无法判断；显示短板,P0,5,Sprint 1,U02、U03、U04、U05
US06,分析项目/经历与岗位匹配程度,识别工作内容；匹配项目/实习；显示对应关系；无相关经历时明确说明,P0,5,Sprint 1,U01、U04、U05
US07,给出可解释的岗位匹配结论,给出整体结论；包含优势/短板/依据；不输出无依据Offer概率；可追问依据,P0,3,Sprint 2,U01、U02、U05
US08,分析能力 Gap 并给出补强建议,列出关键能力；标记不足；给补强建议；建议与岗位相关,P0,5,Sprint 2,U04、U05
US09,根据 JD 生成针对性的简历修改建议,读取画像和JD；指出突出/弱化内容；给修改示例；不虚构经历,P0,5,Sprint 2,U01、U02、U03、U04、U05
US10,基于简历和 JD 生成面试题,问题与JD相关；覆盖技术/项目等；可生成追问；可开始模拟,P0,3,Sprint 2,U02、U05
US11,进行多轮 AI 模拟面试,AI扮演面试官；回答后继续追问；根据回答动态调整；可结束,P0,5,Sprint 3,U02、U05
US12,根据面试回答提供针对性反馈,指出主要问题；结合岗位；给改进方向和示例；不声称准确预测Offer,P0,5,Sprint 3,U02、U05
US13,分析岗位实际工作内容与能力要求,总结JD工作内容；说明能力要求；模糊处标记；不把推测伪装为官方信息,P1,5,Sprint 3,U01、U04
US14,分析岗位发展方向并辅助判断,根据公开信息分析发展方向；区分事实和AI分析；结合用户方向；标记不确定性,P1,5,Sprint 3,U05
US15,根据个人画像推荐潜在岗位,读取画像和偏好；按用户提供岗位数据筛选；给推荐依据；支持调整城市/方向,P1,8,Sprint 4,U01
US16,多个岗位横向比较,选择至少2岗位；统一维度比较；含技能/经历匹配；输出差异说明,P1,5,Sprint 4,需求归纳
US17,记录岗位收藏、投递和面试状态,可添加岗位；记录公司/岗位/时间/状态；支持状态更新,P1,5,Sprint 4,U01，潜在需求
US18,记录求职偏好与历史经历,保存用户明确偏好；可编辑删除；后续分析调用；不保存未经确认的推测,P1,5,Sprint 4,U01、U02、U05
US19,基于历史信息提供长期个性化建议,读取已确认历史；体现偏好；可查看/清理记忆；不使用未经确认信息作关键结论,P2,8,后续 Sprint,待验证产品假设
US20,导出岗位定制版求职材料,可确认修改建议；生成可复制内容；可编辑；不加入虚假经历,P1,5,Sprint 4,U01、U03
US21,提供岗位风险/信息完整度提示,识别缺失/模糊信息；标记需核实；给核实问题；不无证据认定岗位虚假,P1,5,Sprint 4,U01、U04
US22,记录并复盘用户面试结果,记录结果和问题；AI生成复盘；后续建议引用确认过的记录,P2,5,后续 Sprint,待验证需求
